{
    "$schema": "https://schema.management.azure.com/schemas/2015-01-01/deploymentParameters.json#",
    "contentVersion": "1.0.0.0",
    "parameters": {
        "extensions_db_user_data_script_fileUris": {
            "value": null
        },
        "extensions_db_user_data_script_storageAccountName": {
            "value": null
        },
        "extensions_db_user_data_script_storageAccountKey": {
            "value": null
        },
        "extensions_db_user_data_script_commandToExecute": {
            "value": null
        },
        "extensions_web_user_data_script_fileUris": {
            "value": null
        },
        "extensions_web_user_data_script_storageAccountName": {
            "value": null
        },
        "extensions_web_user_data_script_storageAccountKey": {
            "value": null
        },
        "extensions_web_user_data_script_commandToExecute": {
            "value": null
        },
        "virtualMachines_web_vm_name": {
            "value": null
        },
        "networkInterfaces_nic_db_name": {
            "value": null
        },
        "networkInterfaces_web_NIC_name": {
            "value": null
        },
        "publicIPAddresses_db_public_ip_name": {
            "value": null
        },
        "publicIPAddresses_web_public_ip_name": {
            "value": null
        },
        "virtualNetworks_vnet_WeightTracker_name": {
            "value": null
        },
        "virtualMachines_vm_db_WeightTracker_name": {
            "value": null
        },
        "networkSecurityGroups_nsg_db_WeightTracker_name": {
            "value": null
        },
        "networkSecurityGroups_nsg_web_WeightTracker_name": {
            "value": null
        }
    }
}